"month","game_name","language","age","mrr","paid_users","arppu","new_users","new_mrr","churned_users","churned_revenue","expansion_mrr","contraction_mrr","back_from_churn_mrr","churn_rate","revenue_churn_rate","lt","ltv"
2022-03-01,game 3,ru,15,38.10,1,38.1000000000000000,1,38.10,0,,,,,,,2.0,97.8300000000000000
2022-03-01,game 3,ru,16,23.76,1,23.7600000000000000,1,23.76,0,,,,,,,7.0,321.6000000000000000
2022-03-01,game 3,ru,17,75.39,2,37.6950000000000000,2,75.39,1,20.79,,,,,,9.0,316.8900000000000000
2022-03-01,game 3,ru,20,17.79,1,17.7900000000000000,1,17.79,0,,,,,,,10.0,467.3700000000000000
2022-03-01,game 3,ru,22,65.82,3,21.9400000000000000,3,65.82,1,16.98,,,,,,6.0,268.8900000000000000
2022-03-01,game 3,ru,23,190.08,3,63.3600000000000000,3,190.08,0,,,,,,,9.0,334.3000000000000000
2022-03-01,game 3,ru,24,78.54,2,39.2700000000000000,2,78.54,0,,,,,,,8.0,365.1300000000000000
2022-03-01,game 3,ru,25,105.42,2,52.7100000000000000,2,105.42,0,,,,,,,9.5,389.1000000000000000
2022-03-01,game 3,ru,29,13.32,1,13.3200000000000000,1,13.32,1,13.32,,,,,,1.0,13.3200000000000000
2022-03-01,game 3,ru,32,38.52,1,38.5200000000000000,1,38.52,0,,,,,,,8.0,722.6700000000000000
2022-03-01,game 3,ru,35,12.54,1,12.5400000000000000,1,12.54,1,12.54,,,,,,3.0,44.1000000000000000
2022-03-01,game 3,uk,14,15.66,1,15.6600000000000000,1,15.66,1,15.66,,,,,,8.0,212.9400000000000000
2022-03-01,game 3,uk,15,104.43,3,34.8100000000000000,3,104.43,0,,,,,,,7.333333333333333,334.9200000000000000
2022-03-01,game 3,uk,16,65.46,2,32.7300000000000000,2,65.46,0,,,,,,,10.0,584.4600000000000000
2022-03-01,game 3,uk,18,163.38,5,32.6760000000000000,5,163.38,2,104.55,,,,,,4.6,181.1520000000000000
2022-03-01,game 3,uk,20,183.00,6,30.5000000000000000,6,183.00,2,65.76,,,,,,7.333333333333333,265.3050000000000000
2022-03-01,game 3,uk,22,48.57,2,24.2850000000000000,2,48.57,1,25.41,,,,,,3.5,97.8000000000000000
2022-03-01,game 3,uk,24,92.43,3,30.8100000000000000,3,92.43,1,24.15,,,,,,9.0,309.6100000000000000
2022-03-01,game 3,uk,25,122.64,1,122.6400000000000000,1,122.64,0,,,,,,,9.0,422.2800000000000000
2022-03-01,game 3,uk,34,22.95,1,22.9500000000000000,1,22.95,0,,,,,,,5.0,88.1400000000000000
2022-03-01,game 3,uk,38,12.72,1,12.7200000000000000,1,12.72,0,,,,,,,9.0,389.6700000000000000
2022-04-01,game 3,en,20,21.33,1,21.3300000000000000,1,21.33,0,,,,,,,6.0,345.3300000000000000
2022-04-01,game 3,ru,15,83.04,2,41.5200000000000000,1,23.31,2,83.04,21.63,,,2.0,2.1795275590551184,5.5,82.7700000000000000
2022-04-01,game 3,ru,16,99.54,2,49.7700000000000000,1,18.12,1,18.12,57.66,,,1.0,0.7626262626262627,4.0,169.8600000000000000
2022-04-01,game 3,ru,17,116.34,2,58.1700000000000000,1,59.64,0,,2.10,,,0.0,,6.0,257.1600000000000000
2022-04-01,game 3,ru,18,102.15,3,34.0500000000000000,3,102.15,2,79.11,,,,,,7.333333333333333,209.8700000000000000
2022-04-01,game 3,ru,19,41.46,1,41.4600000000000000,1,41.46,0,,,,,,,7.0,155.7900000000000000
2022-04-01,game 3,ru,20,279.72,5,55.9440000000000000,4,153.75,0,,108.18,,,0.0,,7.6,214.4820000000000000
2022-04-01,game 3,ru,21,82.47,2,41.2350000000000000,2,82.47,0,,,,,,,8.5,348.4050000000000000
2022-04-01,game 3,ru,22,171.93,2,85.9650000000000000,0,,0,,123.09,,,0.0,,8.5,394.8450000000000000
2022-04-01,game 3,ru,23,273.39,4,68.3475000000000000,1,50.16,2,109.08,77.67,44.52,,0.6666666666666666,0.5738636363636364,9.0,315.1650000000000000
2022-04-01,game 3,ru,24,126.24,3,42.0800000000000000,1,42.24,0,,22.47,17.01,,0.0,,8.0,324.4100000000000000
2022-04-01,game 3,ru,25,53.64,2,26.8200000000000000,0,,1,16.8,,51.78,,0.5,0.1593625498007968,9.5,389.1000000000000000
2022-04-01,game 3,ru,30,35.55,1,35.5500000000000000,1,35.55,0,,,,,,,7.0,109.0800000000000000
2022-04-01,game 3,ru,32,58.20,1,58.2000000000000000,0,,0,,19.68,,,0.0,,8.0,722.6700000000000000
2022-04-01,game 3,ru,34,12.03,1,12.0300000000000000,1,12.03,0,,,,,,,8.0,227.7900000000000000
2022-04-01,game 3,ru,43,14.61,1,14.6100000000000000,1,14.61,1,14.61,,,,,,8.0,41.9400000000000000
2022-04-01,game 3,uk,14,111.45,2,55.7250000000000000,2,111.45,1,24.09,,,,1.0,1.5383141762452106,4.0,178.7250000000000000
2022-04-01,game 3,uk,15,117.78,3,39.2600000000000000,0,,0,,17.19,3.84,,0.0,,7.333333333333333,334.9200000000000000
2022-04-01,game 3,uk,16,219.15,3,73.0500000000000000,1,33.03,0,,120.66,,,0.0,,9.333333333333334,523.0800000000000000
2022-04-01,game 3,uk,18,89.10,3,29.7000000000000000,0,,2,70.68,30.27,,,0.4,0.4326110907087771,4.666666666666667,128.7600000000000000
2022-04-01,game 3,uk,19,67.26,1,67.2600000000000000,1,67.26,0,,,,,,,2.0,83.7000000000000000
2022-04-01,game 3,uk,20,274.65,5,54.9300000000000000,1,47.94,0,,121.68,12.21,,0.0,,8.0,323.1120000000000000
2022-04-01,game 3,uk,21,249.00,5,49.8000000000000000,5,249.00,2,102.48,,,,,,6.8,204.9660000000000000
2022-04-01,game 3,uk,22,261.03,3,87.0100000000000000,2,174.15,0,,63.72,,,0.0,,6.0,233.5200000000000000
2022-04-01,game 3,uk,23,198.00,3,66.0000000000000000,3,198.00,0,,,,,,,6.333333333333333,258.4400000000000000
2022-04-01,game 3,uk,24,117.15,3,39.0500000000000000,1,31.68,1,13.95,48.51,31.32,,0.3333333333333333,0.15092502434274585,9.0,383.3300000000000000
2022-04-01,game 3,uk,25,186.69,4,46.6725000000000000,3,130.53,1,14.37,,66.48,,1.0,0.11717221135029353,4.75,297.9900000000000000
2022-04-01,game 3,uk,28,18.39,1,18.3900000000000000,1,18.39,1,18.39,,,,,,8.0,144.4800000000000000
2022-04-01,game 3,uk,29,16.92,1,16.9200000000000000,1,16.92,1,16.92,,,,,,6.0,31.9800000000000000
2022-04-01,game 3,uk,30,14.34,1,14.3400000000000000,1,14.34,0,,,,,,,6.0,122.4900000000000000
2022-04-01,game 3,uk,34,39.48,1,39.4800000000000000,0,,0,,16.53,,,0.0,,5.0,88.1400000000000000
2022-04-01,game 3,uk,38,48.33,1,48.3300000000000000,0,,1,48.33,35.61,,,1.0,3.799528301886792,9.0,389.6700000000000000
2022-05-01,game 3,en,16,91.17,1,91.1700000000000000,1,91.17,0,,,,,,,6.0,888.0600000000000000
2022-05-01,game 3,en,20,75.90,1,75.9000000000000000,0,,0,,54.57,,,0.0,,6.0,345.3300000000000000
2022-05-01,game 3,ru,15,133.14,1,133.1400000000000000,1,133.14,1,133.14,,,,0.5,1.603323699421965,8.0,590.0700000000000000
2022-05-01,game 3,ru,16,15.69,1,15.6900000000000000,0,,0,,,65.73,,0.0,,7.0,321.6000000000000000
2022-05-01,game 3,ru,17,350.31,6,58.3850000000000000,3,254.58,1,20.85,,68.49,47.88,0.5,0.17921609076843734,6.0,305.6450000000000000
2022-05-01,game 3,ru,18,96.45,3,32.1500000000000000,2,81.90,2,81.90,,8.49,,0.6666666666666666,0.801762114537445,5.333333333333333,242.1200000000000000
2022-05-01,game 3,ru,19,53.43,2,26.7150000000000000,1,40.17,0,,,28.20,,0.0,,6.0,176.0250000000000000
2022-05-01,game 3,ru,20,241.47,6,40.2450000000000000,1,12.12,1,40.62,45.60,95.97,,0.2,0.1452166452166452,7.5,221.7800000000000000
2022-05-01,game 3,ru,21,118.23,2,59.1150000000000000,0,,0,,69.45,33.69,,0.0,,8.5,348.4050000000000000
2022-05-01,game 3,ru,22,120.87,2,60.4350000000000000,0,,1,62.61,,51.06,,0.5,0.3641598324899668,8.5,394.8450000000000000
2022-05-01,game 3,ru,23,88.80,2,44.4000000000000000,0,,0,,,75.51,,0.0,,9.5,348.9600000000000000
2022-05-01,game 3,ru,24,134.25,4,33.5625000000000000,1,12.48,0,,22.17,26.64,,0.0,,8.0,343.8675000000000000
2022-05-01,game 3,ru,25,42.72,1,42.7200000000000000,0,,0,,5.88,,,0.0,,10.0,545.4600000000000000
2022-05-01,game 3,ru,27,22.86,1,22.8600000000000000,1,22.86,1,22.86,,,,,,4.0,62.0700000000000000
2022-05-01,game 3,ru,30,41.88,1,41.8800000000000000,0,,0,,6.33,,,0.0,,7.0,109.0800000000000000
2022-05-01,game 3,ru,31,24.36,1,24.3600000000000000,1,24.36,1,24.36,,,,,,6.0,138.3900000000000000
2022-05-01,game 3,ru,32,118.95,1,118.9500000000000000,0,,0,,60.75,,,0.0,,8.0,722.6700000000000000
2022-05-01,game 3,ru,34,28.32,1,28.3200000000000000,0,,0,,16.29,,,0.0,,8.0,227.7900000000000000
2022-05-01,game 3,ru,35,31.56,1,31.5600000000000000,0,,1,31.56,,,31.56,1.0,2.5167464114832536,3.0,44.1000000000000000
2022-05-01,game 3,uk,14,209.55,3,69.8500000000000000,1,65.73,1,95.52,,39.06,95.52,0.5,0.8570659488559892,7.666666666666667,270.4200000000000000
2022-05-01,game 3,uk,15,166.95,3,55.6500000000000000,0,,0,,54.27,5.10,,0.0,,7.333333333333333,334.9200000000000000
2022-05-01,game 3,uk,16,318.69,5,63.7380000000000000,2,122.34,1,28.35,38.31,61.11,,0.3333333333333333,0.1293634496919918,8.8,444.8280000000000000
2022-05-01,game 3,uk,17,32.10,1,32.1000000000000000,1,32.10,0,,,,,,,7.0,235.8300000000000000
2022-05-01,game 3,uk,18,55.71,2,27.8550000000000000,0,,0,,6.57,,30.72,0.0,,6.0,302.7750000000000000
2022-05-01,game 3,uk,19,192.72,3,64.2400000000000000,2,176.28,1,16.44,,50.82,,1.0,0.24442462087421946,6.0,374.7000000000000000
2022-05-01,game 3,uk,20,322.14,7,46.0200000000000000,1,21.84,2,109.59,54.27,47.46,18.84,0.4,0.3990169306389951,7.857142857142857,292.7700000000000000
2022-05-01,game 3,uk,21,169.11,6,28.1850000000000000,3,104.82,2,60.69,,82.23,,0.4,0.24373493975903612,6.833333333333333,225.1800000000000000
2022-05-01,game 3,uk,22,168.63,5,33.7260000000000000,2,85.56,1,17.4,,177.96,,0.3333333333333333,0.06665900471210207,6.8,322.5300000000000000
2022-05-01,game 3,uk,23,212.94,3,70.9800000000000000,0,,1,68.73,25.98,11.04,,0.3333333333333333,0.34712121212121216,6.333333333333333,258.4400000000000000
2022-05-01,game 3,uk,24,155.10,4,38.7750000000000000,1,49.05,0,,38.40,55.47,19.92,0.0,,8.75,360.4500000000000000
2022-05-01,game 3,uk,25,238.89,3,79.6300000000000000,0,,1,64.86,104.67,38.10,,0.25,0.34742085810702233,6.0,392.5300000000000000
2022-05-01,game 3,uk,26,12.99,1,12.9900000000000000,1,12.99,0,,,,,,,8.0,66.8100000000000000
2022-05-01,game 3,uk,28,25.17,2,12.5850000000000000,2,25.17,1,12.99,,,,1.0,0.7063621533442088,5.5,122.5800000000000000
2022-05-01,game 3,uk,29,41.37,3,13.7900000000000000,3,41.37,1,13.2,,,,1.0,0.7801418439716311,6.333333333333333,114.4400000000000000
2022-05-01,game 3,uk,30,38.43,3,12.8100000000000000,2,26.34,1,14.25,,2.25,,1.0,0.9937238493723849,4.666666666666667,79.0600000000000000
2022-05-01,game 3,uk,31,26.46,2,13.2300000000000000,2,26.46,0,,,,,,,5.0,174.0150000000000000
2022-05-01,game 3,uk,32,37.98,1,37.9800000000000000,1,37.98,0,,,,,,,7.0,186.9300000000000000
2022-05-01,game 3,uk,34,29.49,2,14.7450000000000000,1,17.34,2,29.49,,27.33,,2.0,0.7469604863221885,3.0,52.7400000000000000
2022-05-01,game 3,uk,36,15.06,1,15.0600000000000000,1,15.06,1,15.06,,,,,,7.0,53.9700000000000000
2022-05-01,game 3,uk,43,15.51,1,15.5100000000000000,1,15.51,1,15.51,,,,,,1.0,15.5100000000000000
2022-05-01,game 3,uk,44,24.06,1,24.0600000000000000,1,24.06,0,,,,,,,8.0,159.6300000000000000
2022-06-01,game 3,en,16,41.88,1,41.8800000000000000,0,,0,,,49.29,,0.0,,6.0,888.0600000000000000
2022-06-01,game 3,en,20,98.37,1,98.3700000000000000,0,,0,,22.47,,,0.0,,6.0,345.3300000000000000
2022-06-01,game 3,en,25,33.51,1,33.5100000000000000,1,33.51,0,,,,,,,7.0,876.6000000000000000
2022-06-01,game 3,ru,15,13.05,1,13.0500000000000000,0,,1,13.05,,,13.05,1.0,0.09801712483100497,9.0,67.7100000000000000
2022-06-01,game 3,ru,16,34.35,1,34.3500000000000000,0,,0,,18.66,,,0.0,,7.0,321.6000000000000000
2022-06-01,game 3,ru,17,387.90,5,77.5800000000000000,0,,1,18.54,179.40,120.96,,0.16666666666666666,0.05292455253917958,6.8,350.6760000000000000
2022-06-01,game 3,ru,18,266.22,5,53.2440000000000000,2,37.74,1,113.76,11.10,,202.83,0.3333333333333333,1.179471228615863,6.6,181.6260000000000000
2022-06-01,game 3,ru,19,65.37,3,21.7900000000000000,1,13.89,1,13.89,1.38,3.33,,0.5,0.2599663110612016,4.333333333333333,121.9800000000000000
2022-06-01,game 3,ru,20,96.57,5,19.3140000000000000,0,,2,33.15,0.96,105.24,,0.3333333333333333,0.1372841346751149,7.4,233.2920000000000000
2022-06-01,game 3,ru,21,77.40,2,38.7000000000000000,0,,0,,19.35,60.18,,0.0,,8.5,348.4050000000000000
2022-06-01,game 3,ru,22,181.17,3,60.3900000000000000,2,94.32,0,,28.59,,,0.0,,6.333333333333333,293.1700000000000000
2022-06-01,game 3,ru,23,154.05,4,38.5125000000000000,0,,2,26.28,,62.52,127.77,1.0,0.295945945945946,9.0,315.1650000000000000
2022-06-01,game 3,ru,24,296.46,5,59.2920000000000000,1,67.71,0,,142.08,47.58,,0.0,,7.8,351.6240000000000000
2022-06-01,game 3,ru,25,151.53,3,50.5100000000000000,1,56.13,1,63.45,,10.77,63.45,1.0,1.4852528089887642,8.666666666666666,330.3300000000000000
2022-06-01,game 3,ru,26,14.76,1,14.7600000000000000,1,14.76,0,,,,,,,6.0,126.3900000000000000
2022-06-01,game 3,ru,29,49.02,2,24.5100000000000000,2,49.02,1,31.80,,,,1.0,2.3873873873873874,4.0,61.5600000000000000
2022-06-01,game 3,ru,30,14.49,1,14.4900000000000000,0,,1,14.49,,27.39,,1.0,0.3459885386819484,7.0,109.0800000000000000
2022-06-01,game 3,ru,32,144.75,1,144.7500000000000000,0,,0,,25.80,,,0.0,,8.0,722.6700000000000000
2022-06-01,game 3,ru,34,29.07,1,29.0700000000000000,0,,0,,0.75,,,0.0,,8.0,227.7900000000000000
2022-06-01,game 3,ru,37,52.83,1,52.8300000000000000,1,52.83,0,,,,,,,7.0,268.7100000000000000
2022-06-01,game 3,uk,14,82.26,2,41.1300000000000000,0,,0,,,31.77,,0.0,,7.5,299.1600000000000000
2022-06-01,game 3,uk,15,232.95,4,58.2375000000000000,1,53.55,1,71.31,68.43,55.98,,0.3333333333333333,0.4271338724168913,6.75,321.1500000000000000
2022-06-01,game 3,uk,16,273.84,6,45.6400000000000000,2,88.41,2,88.41,15.51,120.42,,0.4,0.27741692553892494,7.0,363.1150000000000000
2022-06-01,game 3,uk,17,34.11,1,34.1100000000000000,0,,0,,2.01,,,0.0,,7.0,235.8300000000000000
2022-06-01,game 3,uk,18,188.91,5,37.7820000000000000,2,80.79,1,41.85,17.52,,34.89,0.5,0.7512116316639742,6.8,304.5660000000000000
2022-06-01,game 3,uk,19,132.09,2,66.0450000000000000,0,,0,,6.21,50.40,,0.0,,8.0,520.2000000000000000
2022-06-01,game 3,uk,20,234.33,5,46.8660000000000000,0,,0,,83.58,61.80,,0.0,,8.8,357.5880000000000000
2022-06-01,game 3,uk,21,247.35,5,49.4700000000000000,0,,0,,120.27,,18.66,0.0,,7.0,271.0860000000000000
2022-06-01,game 3,uk,22,172.89,4,43.2225000000000000,0,,1,32.13,37.47,15.81,,0.2,0.19053549190535493,6.5,341.4750000000000000
2022-06-01,game 3,uk,23,163.08,3,54.3600000000000000,1,51.24,0,,14.34,46.71,,0.0,,6.0,290.9700000000000000
2022-06-01,game 3,uk,24,444.21,7,63.4585714285714286,2,68.04,0,,118.50,4.83,107.40,0.0,,7.714285714285714,326.5928571428571429
2022-06-01,game 3,uk,25,269.22,5,53.8440000000000000,3,88.35,2,124.50,45.33,38.49,,0.6666666666666666,0.5211603666959689,7.0,338.6940000000000000
2022-06-01,game 3,uk,26,28.74,2,14.3700000000000000,1,14.7,1,14.04,1.05,,,1.0,1.0808314087759814,7.5,117.9300000000000000
2022-06-01,game 3,uk,28,52.41,2,26.2050000000000000,1,35.34,0,,4.89,,,0.0,,5.0,136.3650000000000000
2022-06-01,game 3,uk,29,75.69,2,37.8450000000000000,0,,1,46.53,47.52,,,0.3333333333333333,1.1247280638143584,5.5,132.1800000000000000
2022-06-01,game 3,uk,30,134.22,3,44.7400000000000000,1,68.58,1,68.58,41.46,,,0.3333333333333333,1.784543325526932,6.666666666666667,114.0400000000000000
2022-06-01,game 3,uk,31,61.47,2,30.7350000000000000,0,,0,,35.01,,,0.0,,5.0,174.0150000000000000
2022-06-01,game 3,uk,32,23.4,1,23.4000000000000000,0,,0,,,14.58,,0.0,,7.0,186.9300000000000000
2022-06-01,game 3,uk,38,36.78,1,36.7800000000000000,0,,0,,,,36.78,0.0,,9.0,389.6700000000000000
2022-06-01,game 3,uk,43,16.38,1,16.3800000000000000,1,16.38,0,,,,,0.0,,2.0,50.9700000000000000
2022-06-01,game 3,uk,44,63.78,1,63.7800000000000000,0,,1,63.78,39.72,,,1.0,2.650872817955112,8.0,159.6300000000000000
2022-07-01,game 2,uk,19,26.79,1,26.7900000000000000,1,26.79,1,26.79,,,,,,1.0,26.7900000000000000
2022-07-01,game 3,en,16,166.38,1,166.3800000000000000,0,,0,,124.50,,,0.0,,6.0,888.0600000000000000
2022-07-01,game 3,en,20,56.04,1,56.0400000000000000,0,,0,,,42.33,,0.0,,6.0,345.3300000000000000
2022-07-01,game 3,en,25,148.98,1,148.9800000000000000,0,,0,,115.47,,,0.0,,7.0,876.6000000000000000
2022-07-01,game 3,ru,15,132.30,2,66.1500000000000000,1,61.41,0,,,,70.89,0.0,,7.0,437.5200000000000000
2022-07-01,game 3,ru,16,50.58,1,50.5800000000000000,0,,0,,16.23,,,0.0,,7.0,321.6000000000000000
2022-07-01,game 3,ru,17,164.76,5,32.9520000000000000,1,12.87,2,53.88,,217.47,,0.4,0.1389017788089714,6.6,332.2500000000000000
2022-07-01,game 3,ru,18,372.48,7,53.2114285714285714,2,132.99,1,15.21,29.76,57.48,114.75,0.2,0.05713319810682894,5.857142857142857,236.2885714285714286
2022-07-01,game 3,ru,19,77.25,3,25.7500000000000000,1,12.15,2,50.22,23.43,9.81,,0.6666666666666666,0.7682423129876089,6.0,180.7900000000000000
2022-07-01,game 3,ru,20,134.01,4,33.5025000000000000,1,33.24,1,35.22,37.35,,,0.2,0.36470953712333026,8.0,338.2275000000000000
2022-07-01,game 3,ru,21,141.51,2,70.7550000000000000,0,,0,,64.11,,,0.0,,8.5,348.4050000000000000
2022-07-01,game 3,ru,22,268.95,5,53.7900000000000000,1,13.08,2,62.31,58.44,66.06,82.32,0.6666666666666666,0.34393111442291774,6.0,278.8140000000000000
2022-07-01,game 3,ru,23,86.58,2,43.2900000000000000,0,,1,65.79,34.35,75.54,,0.25,0.4270691333982473,8.5,281.3700000000000000
2022-07-01,game 3,ru,24,362.94,6,60.4900000000000000,1,12.51,1,12.51,96.09,42.12,,0.2,0.04219793564055859,6.666666666666667,295.1050000000000000
2022-07-01,game 3,ru,25,97.77,3,32.5900000000000000,1,13.92,1,13.92,35.61,39.84,,0.3333333333333333,0.09186299742625223,6.0,257.3900000000000000
2022-07-01,game 3,ru,26,28.56,2,14.2800000000000000,1,14.13,0,,,0.33,,0.0,,6.0,152.8650000000000000
2022-07-01,game 3,ru,27,21.87,1,21.8700000000000000,0,,0,,,,21.87,0.0,,4.0,62.0700000000000000
2022-07-01,game 3,ru,29,22.2,1,22.2000000000000000,0,,0,,4.98,,,0.0,,7.0,91.3200000000000000
2022-07-01,game 3,ru,32,89.04,1,89.0400000000000000,0,,0,,,55.71,,0.0,,8.0,722.6700000000000000
2022-07-01,game 3,ru,34,40.68,2,20.3400000000000000,1,15.45,0,,,3.84,,0.0,,6.5,189.3600000000000000
2022-07-01,game 3,ru,37,126.03,2,63.0150000000000000,1,39.12,1,39.12,34.08,,,1.0,0.740488358886996,6.0,191.6250000000000000
2022-07-01,game 3,uk,14,142.56,3,47.5200000000000000,0,,2,129.66,39.30,33.30,54.30,1.0,1.5762217359591537,7.666666666666667,270.4200000000000000
2022-07-01,game 3,uk,15,158.61,3,52.8700000000000000,0,,0,,22.50,25.53,,0.0,,7.666666666666667,385.2700000000000000
2022-07-01,game 3,uk,16,417.60,7,59.6571428571428571,3,155.85,1,96.51,118.77,42.45,,0.16666666666666666,0.3524320771253287,7.571428571428571,394.7957142857142857
2022-07-01,game 3,uk,17,40.23,1,40.2300000000000000,0,,0,,6.12,,,0.0,,7.0,235.8300000000000000
2022-07-01,game 3,uk,18,361.89,6,60.3150000000000000,2,39.57,2,112.26,175.26,,,0.4,0.5942512307447991,6.166666666666667,285.5350000000000000
2022-07-01,game 3,uk,19,427.23,7,61.0328571428571429,5,223.95,1,13.71,89.88,18.69,,0.5,0.10379286849875086,5.428571428571429,364.9714285714285714
2022-07-01,game 3,uk,20,519.12,10,51.9120000000000000,3,199.44,3,116.22,143.88,106.71,48.18,0.6,0.49596722570733576,7.3,315.6750000000000000
2022-07-01,game 3,uk,21,364.98,7,52.1400000000000000,1,31.59,2,83.55,143.16,93.78,36.66,0.4,0.33778047301394787,7.142857142857143,281.3828571428571429
2022-07-01,game 3,uk,22,253.92,4,63.4800000000000000,0,,1,71.58,97.68,0.39,15.87,0.25,0.4140204754468159,7.75,355.1700000000000000
2022-07-01,game 3,uk,23,324.75,5,64.9500000000000000,2,59.07,2,158.61,102.60,,,0.6666666666666666,0.9725901398086829,6.0,271.9500000000000000
2022-07-01,game 3,uk,24,386.70,7,55.2428571428571429,0,,1,109.26,83.88,141.39,,0.14285714285714285,0.24596474640372798,7.714285714285714,326.5928571428571429
2022-07-01,game 3,uk,25,181.59,5,36.3180000000000000,2,49.08,1,27.06,36.12,48.33,,0.2,0.10051259193224871,6.2,250.9980000000000000
2022-07-01,game 3,uk,26,50.13,2,25.0650000000000000,1,16.38,0,,19.05,,,0.0,,5.5,109.0350000000000000
2022-07-01,game 3,uk,27,47.01,1,47.0100000000000000,1,47.01,0,,,,,,,6.0,275.0400000000000000
2022-07-01,game 3,uk,28,99.30,5,19.8600000000000000,1,14.64,1,21.39,12.27,19.47,39.45,0.5,0.40812821980538067,5.0,110.1840000000000000
2022-07-01,game 3,uk,29,46.89,3,15.6300000000000000,2,26.91,3,46.89,,9.18,,1.5,0.619500594530321,3.0,45.1200000000000000
2022-07-01,game 3,uk,30,92.55,5,18.5100000000000000,3,49.23,2,43.32,10.77,33.09,,0.6666666666666666,0.32275368797496645,5.2,71.9400000000000000
2022-07-01,game 3,uk,31,75.12,2,37.5600000000000000,0,,1,22.35,13.65,,,0.5,0.36359199609565646,5.0,174.0150000000000000
2022-07-01,game 3,uk,32,14.73,1,14.7300000000000000,0,,0,,,8.67,,0.0,,7.0,186.9300000000000000
2022-07-01,game 3,uk,34,13.56,1,13.5600000000000000,0,,1,13.56,,,13.56,0.5,0.4598168870803663,5.0,88.1400000000000000
2022-07-01,game 3,uk,36,14.43,1,14.4300000000000000,1,14.43,1,14.43,,,,1.0,0.9581673306772908,5.0,27.1800000000000000
2022-07-01,game 3,uk,37,17.16,1,17.1600000000000000,1,17.16,0,,,,,,,4.0,68.9700000000000000
2022-07-01,game 3,uk,38,76.95,3,25.6500000000000000,2,45.69,1,14.55,,5.52,,1.0,0.39559543230016314,5.333333333333333,179.4800000000000000
2022-07-01,game 3,uk,40,14.25,1,14.2500000000000000,1,14.25,1,14.25,,,,,,6.0,69.3000000000000000
2022-07-01,game 3,uk,43,34.59,1,34.5900000000000000,0,,1,34.59,18.21,,,1.0,2.111721611721612,2.0,50.9700000000000000
2022-08-01,game 2,en,31,12.93,1,12.9300000000000000,1,12.93,1,12.93,,,,,,1.0,12.9300000000000000
2022-08-01,game 2,uk,18,22.65,1,22.6500000000000000,1,22.65,1,22.65,,,,,,3.0,59.2200000000000000
2022-08-01,game 3,en,16,205.05,1,205.0500000000000000,0,,0,,38.67,,,0.0,,6.0,888.0600000000000000
2022-08-01,game 3,en,20,58.02,1,58.0200000000000000,0,,0,,1.98,,,0.0,,6.0,345.3300000000000000
2022-08-01,game 3,en,25,78.39,1,78.3900000000000000,0,,0,,,70.59,,0.0,,7.0,876.6000000000000000
2022-08-01,game 3,ru,14,19.8,1,19.8000000000000000,1,19.8,0,,,,,,,5.0,147.5700000000000000
2022-08-01,game 3,ru,15,125.55,3,41.8500000000000000,0,,1,18.3,3.42,28.47,18.3,0.5,0.1383219954648526,7.666666666666667,314.2500000000000000
2022-08-01,game 3,ru,16,97.08,1,97.0800000000000000,0,,0,,46.50,,,0.0,,7.0,321.6000000000000000
2022-08-01,game 3,ru,17,258.93,3,86.3100000000000000,0,,0,,148.05,,,0.0,,8.0,482.8100000000000000
2022-08-01,game 3,ru,18,280.77,6,46.7950000000000000,0,,3,132.27,48.87,125.37,,0.42857142857142855,0.3551063144329897,6.666666666666667,273.1350000000000000
2022-08-01,game 3,ru,19,98.79,3,32.9300000000000000,2,57.48,1,14.88,14.28,,,0.3333333333333333,0.19262135922330098,4.333333333333333,185.0000000000000000
2022-08-01,game 3,ru,20,181.47,5,36.2940000000000000,1,39.30,3,96.33,11.19,10.65,42.84,0.75,0.7188269532124468,6.8,259.6320000000000000
2022-08-01,game 3,ru,21,30.0,2,15.0000000000000000,0,,0,,,111.51,,0.0,,8.5,348.4050000000000000
2022-08-01,game 3,ru,22,156.51,3,52.1700000000000000,0,,1,29.52,4.68,54.81,,0.2,0.10976017847183492,7.333333333333333,364.2600000000000000
2022-08-01,game 3,ru,23,260.94,4,65.2350000000000000,1,89.04,1,48.18,44.01,,107.10,0.5,0.5564795564795565,8.25,352.7775000000000000
2022-08-01,game 3,ru,24,179.82,5,35.9640000000000000,0,,1,36.57,29.52,200.13,,0.16666666666666666,0.10076045627376426,7.8,351.6240000000000000
2022-08-01,game 3,ru,25,94.59,2,47.2950000000000000,0,,0,,10.74,,,0.0,,8.5,379.1250000000000000
2022-08-01,game 3,ru,26,100.23,2,50.1150000000000000,0,,1,59.40,71.67,,,0.5,2.0798319327731094,6.0,152.8650000000000000
2022-08-01,game 3,ru,27,64.47,2,32.2350000000000000,1,47.13,1,17.34,,4.53,,1.0,0.7928669410150891,3.0,70.6200000000000000
2022-08-01,game 3,ru,29,23.1,1,23.1000000000000000,0,,1,23.1,0.9,,,1.0,1.0405405405405406,7.0,91.3200000000000000
2022-08-01,game 3,ru,31,53.28,1,53.2800000000000000,0,,0,,,,53.28,0.0,,6.0,138.3900000000000000
2022-08-01,game 3,ru,32,104.70,1,104.7000000000000000,0,,0,,15.66,,,0.0,,8.0,722.6700000000000000
2022-08-01,game 3,ru,33,56.22,2,28.1100000000000000,2,56.22,2,56.22,,,,,,1.0,28.1100000000000000
2022-08-01,game 3,ru,34,91.89,3,30.6300000000000000,1,59.34,1,59.34,,8.13,,0.5,1.4587020648967552,5.333333333333333,156.6200000000000000
2022-08-01,game 3,ru,35,15.84,1,15.8400000000000000,1,15.84,1,15.84,,,,1.0,0.5019011406844106,1.0,15.8400000000000000
2022-08-01,game 3,ru,37,42.87,1,42.8700000000000000,0,,0,,,44.04,,0.0,,7.0,268.7100000000000000
2022-08-01,game 3,ru,43,13.47,1,13.4700000000000000,0,,1,13.47,,,13.47,1.0,0.9219712525667352,8.0,41.9400000000000000
2022-08-01,game 3,uk,14,104.22,2,52.1100000000000000,1,68.43,1,35.79,22.89,,,0.3333333333333333,0.2510521885521885,6.5,244.9050000000000000
2022-08-01,game 3,uk,15,269.85,4,67.4625000000000000,1,115.14,0,,29.97,33.87,,0.0,,7.0,357.8475000000000000
2022-08-01,game 3,uk,16,499.59,11,45.4172727272727273,3,80.82,3,146.55,125.07,85.77,58.38,0.42857142857142855,0.350933908045977,6.090909090909091,286.4509090909090909
2022-08-01,game 3,uk,17,148.41,5,29.6820000000000000,4,107.67,2,61.98,0.51,,,2.0,1.540641312453393,3.2,99.2460000000000000
2022-08-01,game 3,uk,18,343.95,8,42.9937500000000000,4,136.44,0,,51.39,93.51,,0.0,,6.0,271.0275000000000000
2022-08-01,game 3,uk,19,574.59,8,71.8237500000000000,2,42.24,1,25.83,246.00,127.17,,0.14285714285714285,0.06045923741310301,5.5,335.5462500000000000
2022-08-01,game 3,uk,20,489.63,11,44.5118181818181818,4,161.37,1,13.47,107.16,181.80,,0.1,0.02594775774387425,6.909090909090909,290.1354545454545455
2022-08-01,game 3,uk,21,313.59,6,52.2650000000000000,1,43.62,1,58.50,77.52,88.98,,0.14285714285714285,0.16028275521946408,6.833333333333333,291.0600000000000000
2022-08-01,game 3,uk,22,222.99,4,55.7475000000000000,1,59.88,2,75.30,2.46,21.69,,0.5,0.29655009451795844,5.75,285.5400000000000000
2022-08-01,game 3,uk,23,162.33,3,54.1100000000000000,0,,0,,73.08,76.89,,0.0,,6.0,252.3200000000000000
2022-08-01,game 3,uk,24,523.44,7,74.7771428571428571,1,324.15,0,,62.94,141.09,,0.0,,7.428571428571429,410.6271428571428571
2022-08-01,game 3,uk,25,406.95,7,58.1357142857142857,2,84.03,2,70.95,141.33,29.04,56.10,0.4,0.3907153477614406,6.285714285714286,301.2085714285714286
2022-08-01,game 3,uk,26,40.95,2,20.4750000000000000,0,,1,14.64,,9.18,,0.5,0.29204069419509276,5.5,109.0350000000000000
2022-08-01,game 3,uk,27,41.94,1,41.9400000000000000,0,,0,,,5.07,,0.0,,6.0,275.0400000000000000
2022-08-01,game 3,uk,28,162.78,6,27.1300000000000000,2,44.04,3,48.87,46.38,5.55,,0.6,0.49214501510574016,3.8333333333333335,91.1550000000000000
2022-08-01,game 3,uk,29,13.59,1,13.5900000000000000,0,,0,,,,13.59,0.0,,8.0,199.9800000000000000
2022-08-01,game 3,uk,30,59.88,4,14.9700000000000000,1,13.29,3,46.59,1.29,3.93,,0.6,0.5034035656401945,4.5,64.7025000000000000
2022-08-01,game 3,uk,31,71.04,2,35.5200000000000000,1,30.21,0,,,11.94,,0.0,,5.5,219.1350000000000000
2022-08-01,game 3,uk,32,219.15,6,36.5250000000000000,5,193.02,0,,11.40,,,0.0,,4.5,133.6300000000000000
2022-08-01,game 3,uk,33,13.98,1,13.9800000000000000,1,13.98,0,,,,,,,3.0,48.2400000000000000
2022-08-01,game 3,uk,34,12.18,1,12.1800000000000000,1,12.18,0,,,,,0.0,,2.0,47.6100000000000000
2022-08-01,game 3,uk,36,26.31,1,26.3100000000000000,0,,1,26.31,,,26.31,1.0,1.8232848232848233,7.0,53.9700000000000000
2022-08-01,game 3,uk,37,39.48,1,39.4800000000000000,0,,1,39.48,22.32,,,1.0,2.3006993006993004,4.0,68.9700000000000000
2022-08-01,game 3,uk,38,87.84,2,43.9200000000000000,0,,0,,38.10,12.66,,0.0,,7.5,261.9450000000000000
2022-08-01,game 3,uk,41,13.74,1,13.7400000000000000,1,13.74,1,13.74,,,,,,1.0,13.7400000000000000
2022-08-01,game 3,uk,42,14.73,1,14.7300000000000000,1,14.73,1,14.73,,,,,,1.0,14.7300000000000000
2022-08-01,game 3,uk,44,12.45,1,12.4500000000000000,1,12.45,1,12.45,,,,1.0,0.1952022577610536,1.0,12.4500000000000000
2022-09-01,game 2,en,35,33.57,1,33.5700000000000000,1,33.57,0,,,,,,,2.0,46.2600000000000000
2022-09-01,game 3,en,16,252.66,1,252.6600000000000000,0,,0,,47.61,,,0.0,,6.0,888.0600000000000000
2022-09-01,game 3,en,20,35.67,1,35.6700000000000000,0,,1,35.67,,22.35,,1.0,0.6147880041365047,6.0,345.3300000000000000
2022-09-01,game 3,en,25,70.14,1,70.1400000000000000,0,,0,,,8.25,,0.0,,7.0,876.6000000000000000
2022-09-01,game 3,en,28,18.33,1,18.3300000000000000,1,18.33,0,,,,,,,4.0,199.8600000000000000
2022-09-01,game 3,ru,14,49.50,1,49.5000000000000000,0,,0,,29.70,,,0.0,,5.0,147.5700000000000000
2022-09-01,game 3,ru,15,74.37,3,24.7900000000000000,1,35.28,1,35.28,,68.16,,0.3333333333333333,0.2810035842293907,6.0,312.3300000000000000
2022-09-01,game 3,ru,16,18.72,1,18.7200000000000000,0,,1,18.72,,78.36,,1.0,0.19283065512978986,7.0,321.6000000000000000
2022-09-01,game 3,ru,17,130.41,4,32.6025000000000000,0,,0,,,148.71,20.19,0.0,,8.0,412.0950000000000000
2022-09-01,game 3,ru,18,156.30,5,31.2600000000000000,1,14.04,1,21.51,47.43,75.18,21.51,0.16666666666666666,0.07661074901164655,6.0,279.9000000000000000
2022-09-01,game 3,ru,19,109.08,3,36.3600000000000000,0,,1,50.91,9.60,15.96,31.53,0.3333333333333333,0.5153355602793804,5.666666666666667,213.7400000000000000
2022-09-01,game 3,ru,20,145.95,3,48.6500000000000000,0,,1,23.34,41.85,24.57,43.53,0.2,0.12861630021491155,7.666666666666667,372.7100000000000000
2022-09-01,game 3,ru,21,86.22,2,43.1100000000000000,0,,0,,56.22,,,0.0,,8.5,348.4050000000000000
2022-09-01,game 3,ru,22,95.58,3,31.8600000000000000,0,,1,13.8,,45.21,13.8,0.3333333333333333,0.08817327966264138,7.333333333333333,358.0600000000000000
2022-09-01,game 3,ru,23,183.03,4,45.7575000000000000,0,,2,103.56,26.13,74.37,18.51,0.5,0.39687284433203035,7.5,287.0700000000000000
2022-09-01,game 3,ru,24,188.34,5,37.6680000000000000,1,43.83,2,87.87,47.28,46.02,,0.4,0.48865532198865536,7.4,328.7880000000000000
2022-09-01,game 3,ru,25,149.28,4,37.3200000000000000,1,28.32,0,,,26.64,53.01,0.0,,7.5,324.6975000000000000
2022-09-01,game 3,ru,26,90.09,1,90.0900000000000000,0,,0,,49.26,,,0.0,,6.0,179.3400000000000000
2022-09-01,game 3,ru,27,47.37,2,23.6850000000000000,1,15.33,2,47.37,,15.09,,1.0,0.7347603536528617,3.0,64.3350000000000000
2022-09-01,game 3,ru,31,44.70,1,44.7000000000000000,0,,0,,,8.58,,0.0,,6.0,138.3900000000000000
2022-09-01,game 3,ru,32,90.87,1,90.8700000000000000,0,,0,,,13.83,,0.0,,8.0,722.6700000000000000
2022-09-01,game 3,ru,33,43.29,1,43.2900000000000000,1,43.29,1,43.29,,,,0.5,0.7700106723585912,1.0,43.2900000000000000
2022-09-01,game 3,ru,34,98.61,2,49.3050000000000000,0,,0,,66.06,,,0.0,,6.5,189.3600000000000000
2022-09-01,game 3,ru,37,16.98,1,16.9800000000000000,0,,1,16.98,,25.89,,1.0,0.3960811756473058,7.0,268.7100000000000000
2022-09-01,game 3,uk,14,87.60,2,43.8000000000000000,0,,0,,,40.89,60.06,0.0,,6.0,279.1050000000000000
2022-09-01,game 3,uk,15,221.55,5,44.3100000000000000,1,42.54,1,42.54,5.94,96.78,,0.25,0.15764313507504168,5.8,294.7860000000000000
2022-09-01,game 3,uk,16,642.87,11,58.4427272727272727,2,156.87,0,,146.70,57.24,43.5,0.0,,6.2727272727272725,304.2190909090909091
2022-09-01,game 3,uk,17,119.73,3,39.9100000000000000,0,,1,55.17,33.30,,,0.2,0.37174044875682233,4.666666666666667,144.7500000000000000
2022-09-01,game 3,uk,18,600.69,12,50.0575000000000000,3,63.99,2,123.18,209.10,34.56,18.21,0.25,0.3581334496293066,5.333333333333333,233.8025000000000000
2022-09-01,game 3,uk,19,364.41,9,40.4900000000000000,2,104.07,5,200.37,24.33,312.75,,0.625,0.34871821646739415,4.888888888888889,302.7133333333333333
2022-09-01,game 3,uk,20,578.10,14,41.2928571428571429,2,47.91,3,77.10,71.64,88.56,70.95,0.2727272727272727,0.15746584155382634,6.5,255.1050000000000000
2022-09-01,game 3,uk,21,448.65,8,56.0812500000000000,2,169.38,3,141.09,19.95,25.11,29.34,0.5,0.4499186836314934,6.0,265.0575000000000000
2022-09-01,game 3,uk,22,374.22,5,74.8440000000000000,3,201.36,0,,45.03,19.86,,0.0,,5.6,337.5660000000000000
2022-09-01,game 3,uk,23,187.62,7,26.8028571428571429,2,30.33,0,,15.90,50.73,29.79,0.0,,5.857142857142857,214.0500000000000000
2022-09-01,game 3,uk,24,379.05,7,54.1500000000000000,0,,1,50.19,9.87,154.26,,0.14285714285714285,0.09588491517652452,7.428571428571429,410.6271428571428571
2022-09-01,game 3,uk,25,646.74,11,58.7945454545454545,6,229.59,2,119.55,179.64,98.49,,0.2857142857142857,0.29377073350534466,4.636363636363637,229.5872727272727273
2022-09-01,game 3,uk,26,57.15,2,28.5750000000000000,0,,1,26.64,4.20,,26.64,0.5,0.6505494505494506,7.5,117.9300000000000000
2022-09-01,game 3,uk,27,64.95,1,64.9500000000000000,0,,1,64.95,23.01,,,1.0,1.5486409155937055,6.0,275.0400000000000000
2022-09-01,game 3,uk,28,147.51,4,36.8775000000000000,0,,2,90.51,16.20,10.53,27.93,0.3333333333333333,0.5560265388868412,5.75,140.0700000000000000
2022-09-01,game 3,uk,29,72.33,3,24.1100000000000000,1,15.72,1,15.06,27.96,,15.06,1.0,1.1081677704194262,5.333333333333333,86.9700000000000000
2022-09-01,game 3,uk,30,148.08,6,24.6800000000000000,2,27.69,3,76.47,30.63,,76.47,0.75,1.2770541082164328,5.166666666666667,115.3050000000000000
2022-09-01,game 3,uk,31,98.79,2,49.3950000000000000,0,,1,63.30,33.09,5.34,,0.5,0.8910472972972971,5.5,219.1350000000000000
2022-09-01,game 3,uk,32,230.43,6,38.4050000000000000,0,,2,39.45,39.09,27.81,,0.3333333333333333,0.18001368925393568,4.5,133.6300000000000000
2022-09-01,game 3,uk,33,49.50,3,16.5000000000000000,2,33.45,0,,2.07,,,0.0,,2.6666666666666665,49.0800000000000000
2022-09-01,game 3,uk,34,71.88,2,35.9400000000000000,1,36.45,1,35.43,23.25,,,1.0,2.9088669950738915,3.0,66.4650000000000000
2022-09-01,game 3,uk,38,71.40,2,35.7000000000000000,0,,0,,3.39,19.83,,0.0,,7.5,261.9450000000000000
2022-09-01,game 3,uk,39,14.88,1,14.8800000000000000,1,14.88,1,14.88,,,,,,3.0,28.1700000000000000
2022-09-01,game 3,uk,44,15.21,1,15.2100000000000000,0,,0,,,,15.21,0.0,,8.0,159.6300000000000000
2022-10-01,game 1,uk,21,25.71,1,25.7100000000000000,1,25.71,1,25.71,,,,,,1.0,25.7100000000000000
2022-10-01,game 2,en,35,12.69,1,12.6900000000000000,0,,1,12.69,,20.88,,1.0,0.3780160857908847,2.0,46.2600000000000000
2022-10-01,game 2,ru,21,12.24,1,12.2400000000000000,1,12.24,1,12.24,,,,,,1.0,12.2400000000000000
2022-10-01,game 2,uk,18,36.57,1,36.5700000000000000,0,,1,36.57,,,36.57,1.0,1.6145695364238413,3.0,59.2200000000000000
2022-10-01,game 2,uk,21,47.46,1,47.4600000000000000,1,47.46,1,47.46,,,,,,1.0,47.4600000000000000
2022-10-01,game 3,en,16,130.92,1,130.9200000000000000,0,,1,130.92,,121.74,,1.0,0.5181667062455473,6.0,888.0600000000000000
2022-10-01,game 3,en,25,49.08,1,49.0800000000000000,0,,0,,,21.06,,0.0,,7.0,876.6000000000000000
2022-10-01,game 3,en,28,25.77,1,25.7700000000000000,0,,0,,7.44,,,0.0,,4.0,199.8600000000000000
2022-10-01,game 3,ru,14,14.91,1,14.9100000000000000,0,,0,,,34.59,,0.0,,5.0,147.5700000000000000
2022-10-01,game 3,ru,15,183.66,2,91.8300000000000000,0,,0,,144.57,,,0.0,,7.0,437.5200000000000000
2022-10-01,game 3,ru,16,219.96,3,73.3200000000000000,3,219.96,0,,,,,0.0,,2.6666666666666665,148.2100000000000000
2022-10-01,game 3,ru,17,238.44,5,47.6880000000000000,1,37.08,3,155.16,102.18,31.23,,0.75,1.1897860593512768,7.0,371.9880000000000000
2022-10-01,game 3,ru,18,364.68,5,72.9360000000000000,0,,1,42.90,211.44,24.45,42.90,0.2,0.27447216890595005,5.8,271.8240000000000000
2022-10-01,game 3,ru,19,182.67,5,36.5340000000000000,1,14.4,3,85.92,33.48,14.70,91.32,1.0,0.7876787678767877,4.4,143.8500000000000000
2022-10-01,game 3,ru,20,342.81,5,68.5620000000000000,0,,0,,132.87,,87.33,0.0,,7.6,236.4420000000000000
2022-10-01,game 3,ru,21,91.41,3,30.4700000000000000,1,25.89,0,,,20.70,,0.0,,6.666666666666667,292.4600000000000000
2022-10-01,game 3,ru,22,219.90,4,54.9750000000000000,1,74.28,2,108.18,14.73,45.60,94.71,0.6666666666666666,1.1318267419962336,6.25,315.9825000000000000
2022-10-01,game 3,ru,23,115.08,2,57.5400000000000000,0,,1,59.28,35.61,,,0.25,0.32388133092935584,7.0,356.5950000000000000
2022-10-01,game 3,ru,24,50.22,3,16.7400000000000000,0,,0,,1.74,51.99,,0.0,,8.666666666666666,366.9700000000000000
2022-10-01,game 3,ru,25,201.03,5,40.2060000000000000,1,27.0,1,27.0,48.09,23.34,,0.25,0.18086816720257234,6.6,279.1500000000000000
2022-10-01,game 3,ru,26,46.77,2,23.3850000000000000,1,28.95,1,17.82,,72.27,,1.0,0.1978021978021978,4.0,122.6100000000000000
2022-10-01,game 3,ru,28,23.31,1,23.3100000000000000,1,23.31,1,23.31,,,,,,1.0,23.3100000000000000
2022-10-01,game 3,ru,29,59.79,2,29.8950000000000000,1,43.68,1,16.11,,,16.11,1.0,0.6974025974025974,5.0,101.2800000000000000
2022-10-01,game 3,ru,30,17.16,1,17.1600000000000000,0,,1,17.16,,,17.16,1.0,1.184265010351967,7.0,109.0800000000000000
2022-10-01,game 3,ru,31,16.05,1,16.0500000000000000,0,,1,16.05,,28.65,,1.0,0.35906040268456374,6.0,138.3900000000000000
2022-10-01,game 3,ru,32,77.64,1,77.6400000000000000,0,,1,77.64,,13.23,,1.0,0.8544073951799274,8.0,722.6700000000000000
2022-10-01,game 3,ru,33,18.78,1,18.7800000000000000,1,18.78,1,18.78,,,,1.0,0.4338184338184339,1.0,18.7800000000000000
2022-10-01,game 3,ru,34,113.04,3,37.6800000000000000,0,,1,31.8,5.61,22.98,31.8,0.5,0.32248250684514757,5.333333333333333,156.6200000000000000
2022-10-01,game 3,ru,37,47.79,1,47.7900000000000000,0,,0,,,,47.79,0.0,,5.0,114.5400000000000000
2022-10-01,game 3,ru,44,12.6,1,12.6000000000000000,1,12.6,1,12.6,,,,,,1.0,12.6000000000000000
2022-10-01,game 3,uk,14,235.35,7,33.6214285714285714,3,66.09,3,86.43,41.04,33.84,74.46,1.5,0.9866438356164385,5.0,202.1271428571428571
2022-10-01,game 3,uk,15,241.14,6,40.1900000000000000,2,55.59,5,202.74,39.84,33.30,,1.0,0.9150981719702099,5.333333333333333,257.0950000000000000
2022-10-01,game 3,uk,16,761.04,13,58.5415384615384615,0,,4,133.20,128.13,205.11,195.15,0.36363636363636365,0.20719585608287833,6.461538461538462,328.0730769230769231
2022-10-01,game 3,uk,17,175.02,5,35.0040000000000000,3,138.63,0,,3.24,31.41,,0.0,,4.0,128.7240000000000000
2022-10-01,game 3,uk,18,574.23,11,52.2027272727272727,1,15.48,5,269.76,180.72,99.48,,0.4166666666666667,0.449083553913,4.909090909090909,207.1527272727272727
2022-10-01,game 3,uk,19,644.13,11,58.5572727272727273,6,320.91,2,90.39,155.10,15.57,19.65,0.2222222222222222,0.24804478472050712,4.090909090909091,211.7372727272727273
2022-10-01,game 3,uk,20,582.60,11,52.9636363636363636,0,,2,81.99,214.41,132.81,,0.14285714285714285,0.14182667358588477,6.2727272727272725,279.0463636363636364
2022-10-01,game 3,uk,21,534.69,8,66.8362500000000000,2,94.74,3,158.91,177.45,101.34,56.28,0.375,0.35419592109662323,4.25,176.2575000000000000
2022-10-01,game 3,uk,22,242.67,5,48.5340000000000000,0,,0,,18.99,150.54,,0.0,,5.6,337.5660000000000000
2022-10-01,game 3,uk,23,276.39,9,30.7100000000000000,2,31.29,3,137.40,123.42,65.94,,0.42857142857142855,0.7323313079629038,5.222222222222222,181.0366666666666667
2022-10-01,game 3,uk,24,644.94,8,80.6175000000000000,1,19.17,3,273.72,286.41,61.41,71.91,0.42857142857142855,0.7221210922041947,7.0,395.5950000000000000
2022-10-01,game 3,uk,25,683.61,14,48.8292857142857143,2,73.74,6,231.36,117.24,153.24,118.68,0.5454545454545454,0.3577326282586511,4.642857142857143,212.7600000000000000
2022-10-01,game 3,uk,26,78.33,4,19.5825000000000000,2,28.20,1,18.0,1.62,,18.0,0.5,0.31496062992125984,4.0,99.6075000000000000
2022-10-01,game 3,uk,28,73.98,2,36.9900000000000000,0,,0,,33.84,16.86,,0.0,,6.5,134.2650000000000000
2022-10-01,game 3,uk,29,39.72,3,13.2400000000000000,0,,1,13.23,,31.14,13.59,0.3333333333333333,0.18291165491497305,5.0,95.3300000000000000
2022-10-01,game 3,uk,30,109.20,3,36.4000000000000000,0,,0,,60.45,22.86,,0.0,,3.6666666666666665,116.5700000000000000
2022-10-01,game 3,uk,31,35.73,1,35.7300000000000000,0,,0,,0.24,,,0.0,,7.0,299.7600000000000000
2022-10-01,game 3,uk,32,138.27,4,34.5675000000000000,0,,1,16.86,21.48,74.19,,0.16666666666666666,0.07316755630777243,5.25,175.0650000000000000
2022-10-01,game 3,uk,33,52.98,3,17.6600000000000000,0,,2,35.34,4.89,1.41,,0.6666666666666666,0.713939393939394,2.6666666666666665,49.0800000000000000
2022-10-01,game 3,uk,34,19.23,1,19.2300000000000000,0,,0,,,17.22,,0.0,,4.0,85.3200000000000000
2022-10-01,game 3,uk,37,12.33,1,12.3300000000000000,0,,1,12.33,,,12.33,1.0,0.31231003039513683,4.0,68.9700000000000000
2022-10-01,game 3,uk,38,143.19,2,71.5950000000000000,0,,1,16.35,77.31,5.52,,0.5,0.22899159663865545,7.5,261.9450000000000000
2022-10-01,game 3,uk,40,12.51,1,12.5100000000000000,1,12.51,1,12.51,,,,1.0,0.8778947368421053,1.0,12.5100000000000000
2022-10-01,game 3,uk,44,34.44,1,34.4400000000000000,0,,1,34.44,19.23,,,1.0,2.264299802761341,8.0,159.6300000000000000
2022-11-01,game 1,uk,26,30.54,1,30.5400000000000000,1,30.54,1,30.54,,,,,,1.0,30.5400000000000000
2022-11-01,game 3,en,25,376.56,1,376.5600000000000000,0,,0,,327.48,,,0.0,,7.0,876.6000000000000000
2022-11-01,game 3,en,28,122.97,1,122.9700000000000000,0,,0,,97.20,,,0.0,,4.0,199.8600000000000000
2022-11-01,game 3,ru,14,61.38,2,30.6900000000000000,1,32.16,0,,14.31,,,0.0,,3.5,109.6950000000000000
2022-11-01,game 3,ru,15,152.43,2,76.2150000000000000,0,,0,,73.44,104.67,,0.0,,7.0,437.5200000000000000
2022-11-01,game 3,ru,16,270.60,4,67.6500000000000000,1,119.55,1,43.08,,68.91,,0.3333333333333333,0.19585379159847244,2.5,181.1400000000000000
2022-11-01,game 3,ru,17,155.25,2,77.6250000000000000,0,,0,,71.97,,,0.0,,5.5,322.0800000000000000
2022-11-01,game 3,ru,18,210.66,6,35.1100000000000000,0,,5,148.11,7.44,175.41,56.85,1.0,0.40613688713392565,6.333333333333333,268.0300000000000000
2022-11-01,game 3,ru,19,172.20,2,86.1000000000000000,0,,0,,78.33,2.88,,0.0,,5.5,239.7450000000000000
2022-11-01,game 3,ru,20,169.32,5,33.8640000000000000,0,,3,81.24,1.05,174.54,,0.6,0.23698258510545198,7.6,236.4420000000000000
2022-11-01,game 3,ru,21,191.55,4,47.8875000000000000,1,29.22,1,29.34,79.80,8.88,,0.3333333333333333,0.32097144732523797,5.5,233.7075000000000000
2022-11-01,game 3,ru,22,168.39,2,84.1950000000000000,0,,0,,56.67,,,0.0,,6.5,336.3150000000000000
2022-11-01,game 3,ru,23,162.57,2,81.2850000000000000,0,,1,148.14,92.34,,14.43,0.5,1.287278415015641,7.0,383.9700000000000000
2022-11-01,game 3,ru,24,329.55,6,54.9250000000000000,1,21.24,1,20.97,111.24,,146.85,0.3333333333333333,0.4175627240143369,6.5,286.9600000000000000
2022-11-01,game 3,ru,25,218.55,4,54.6375000000000000,0,,1,14.19,121.20,76.68,,0.2,0.07058647962990598,7.5,324.6975000000000000
2022-11-01,game 3,ru,26,74.73,2,37.3650000000000000,0,,2,74.73,7.98,,37.80,1.0,1.5978191148171905,4.0,96.1350000000000000
2022-11-01,game 3,ru,27,21.45,1,21.4500000000000000,0,,0,,,,21.45,0.0,,4.0,49.5000000000000000
2022-11-01,game 3,ru,29,17.28,1,17.2800000000000000,0,,0,,,26.40,,0.0,,3.0,111.2400000000000000
2022-11-01,game 3,ru,34,56.22,2,28.1100000000000000,0,,2,56.22,14.04,39.06,,0.6666666666666666,0.49734607218683646,6.5,189.3600000000000000
2022-11-01,game 3,ru,37,54.81,2,27.4050000000000000,0,,1,27.63,,20.16,27.18,1.0,0.5781544256120528,6.0,191.6250000000000000
2022-11-01,game 3,ru,43,13.86,1,13.8600000000000000,0,,1,13.86,,,13.86,1.0,1.0289532293986636,8.0,41.9400000000000000
2022-11-01,game 3,uk,14,242.04,4,60.5100000000000000,0,,0,,133.62,40.50,,0.0,,4.75,213.9600000000000000
2022-11-01,game 3,uk,15,62.07,1,62.0700000000000000,0,,0,,23.67,,,0.0,,10.0,612.6300000000000000
2022-11-01,game 3,uk,16,576.45,9,64.0500000000000000,0,,2,79.62,145.35,196.74,,0.15384615384615385,0.10461999369284139,6.111111111111111,362.8166666666666667
2022-11-01,game 3,uk,17,169.35,6,28.2250000000000000,1,50.82,2,62.52,20.79,77.28,,0.4,0.35721631813507027,3.6666666666666665,144.6850000000000000
2022-11-01,game 3,uk,18,308.40,7,44.0571428571428571,0,,3,74.28,37.65,139.71,105.99,0.2727272727272727,0.1293558330285774,4.285714285714286,174.1714285714285714
2022-11-01,game 3,uk,19,627.93,12,52.3275000000000000,2,87.33,2,73.89,101.25,147.96,33.57,0.18181818181818182,0.11471286852032975,4.0,224.0625000000000000
2022-11-01,game 3,uk,20,452.31,12,37.6925000000000000,1,17.13,0,,38.07,158.04,54.54,0.0,,6.333333333333333,268.3075000000000000
2022-11-01,game 3,uk,21,277.98,8,34.7475000000000000,1,33.33,3,106.26,,218.58,87.45,0.375,0.19873197553722716,5.25,234.5550000000000000
2022-11-01,game 3,uk,22,350.85,7,50.1214285714285714,1,15.3,0,,56.91,27.24,63.21,0.0,,5.571428571428571,296.8414285714285714
2022-11-01,game 3,uk,23,251.37,7,35.9100000000000000,1,15.51,2,37.53,118.38,21.51,,0.2222222222222222,0.135786388798437,5.0,178.5728571428571429
2022-11-01,game 3,uk,24,261.51,6,43.5850000000000000,0,,3,64.92,2.43,124.26,12.12,0.375,0.10066052656061028,7.666666666666667,430.4500000000000000
2022-11-01,game 3,uk,25,507.48,13,39.0369230769230769,2,80.97,1,59.04,89.82,214.68,99.12,0.07142857142857142,0.08636503269407995,4.6923076923076925,190.5507692307692308
2022-11-01,game 3,uk,26,153.45,4,38.3625000000000000,1,12.6,1,26.76,94.98,14.46,,0.25,0.3416315587897358,3.5,93.8475000000000000
2022-11-01,game 3,uk,27,121.11,2,60.5550000000000000,1,17.19,1,17.19,,,103.92,1.0,0.2646651270207852,3.5,146.1150000000000000
2022-11-01,game 3,uk,28,210.63,9,23.4033333333333333,6,138.24,6,149.01,3.48,46.77,41.70,3.0,2.01419302514193,3.111111111111111,74.4466666666666667
2022-11-01,game 3,uk,29,118.62,3,39.5400000000000000,0,,1,30.48,62.97,,29.16,0.3333333333333333,0.7673716012084593,7.0,112.0000000000000000
2022-11-01,game 3,uk,30,188.70,7,26.9571428571428571,0,,4,144.78,23.70,8.61,64.41,1.3333333333333333,1.3258241758241758,5.142857142857143,96.7885714285714286
2022-11-01,game 3,uk,31,176.10,3,58.7000000000000000,1,58.17,2,117.93,37.20,,45.00,2.0,3.3005877413937874,4.333333333333333,175.8600000000000000
2022-11-01,game 3,uk,32,107.31,4,26.8275000000000000,0,,3,79.89,5.82,39.75,19.83,0.75,0.5777825992623128,5.0,161.6775000000000000
2022-11-01,game 3,uk,33,30.78,1,30.7800000000000000,0,,1,30.78,13.14,,,0.3333333333333333,0.5809739524348811,3.0,63.3300000000000000
2022-11-01,game 3,uk,34,87.66,3,29.2200000000000000,2,73.92,1,20.85,,5.49,,1.0,1.0842433697347895,2.3333333333333335,57.8600000000000000
2022-11-01,game 3,uk,35,15.66,1,15.6600000000000000,1,15.66,1,15.66,,,,,,1.0,15.6600000000000000
2022-11-01,game 3,uk,36,25.35,2,12.6750000000000000,0,,2,25.35,,,25.35,2.0,0.9635119726339796,6.0,40.5750000000000000
2022-11-01,game 3,uk,38,14.85,1,14.8500000000000000,0,,1,14.85,,111.99,,0.5,0.10370835952231301,9.0,389.6700000000000000
2022-11-01,game 3,uk,39,26.94,2,13.4700000000000000,1,13.65,2,26.94,,,13.29,2.0,1.810483870967742,2.0,20.9100000000000000
2022-11-01,game 3,uk,40,29.22,1,29.2200000000000000,0,,0,,,,29.22,0.0,,6.0,69.3000000000000000
2022-12-01,game 1,uk,20,13.14,1,13.1400000000000000,1,13.14,1,13.14,,,,,,1.0,13.1400000000000000
2022-12-01,game 2,uk,30,15.93,1,15.9300000000000000,1,15.93,1,15.93,,,,,,1.0,15.9300000000000000
2022-12-01,game 3,en,24,82.14,1,82.1400000000000000,1,82.14,1,82.14,,,,,,1.0,82.1400000000000000
2022-12-01,game 3,en,25,119.94,1,119.9400000000000000,0,,1,119.94,,256.62,,1.0,0.31851497769279796,7.0,876.6000000000000000
2022-12-01,game 3,en,28,32.79,1,32.7900000000000000,0,,1,32.79,,90.18,,1.0,0.2666504025372042,4.0,199.8600000000000000
2022-12-01,game 3,en,29,45.06,1,45.0600000000000000,1,45.06,1,45.06,,,,,,1.0,45.0600000000000000
2022-12-01,game 3,ru,14,73.80,2,36.9000000000000000,0,,2,73.80,12.42,,,1.0,1.2023460410557183,3.5,109.6950000000000000
2022-12-01,game 3,ru,15,166.89,4,41.7225000000000000,0,,4,166.89,4.71,29.97,39.72,2.0,1.0948632159023812,6.75,251.1750000000000000
2022-12-01,game 3,ru,16,251.07,4,62.7675000000000000,1,17.07,4,251.07,40.83,34.35,,1.0,0.9278270509977826,2.25,157.1625000000000000
2022-12-01,game 3,ru,17,315.36,5,63.0720000000000000,2,134.79,5,315.36,68.34,59.97,16.95,2.5,2.031304347826087,4.6,242.5560000000000000
2022-12-01,game 3,ru,18,82.41,1,82.4100000000000000,0,,1,82.41,19.86,,,0.16666666666666666,0.39119908857875246,6.0,429.5400000000000000
2022-12-01,game 3,ru,19,191.97,3,63.9900000000000000,1,62.82,3,191.97,45.33,88.38,,1.5,1.1148083623693381,4.0,180.7700000000000000
2022-12-01,game 3,ru,20,153.36,3,51.1200000000000000,0,,3,153.36,,26.82,92.10,0.6,0.9057406094968109,8.333333333333334,364.8800000000000000
2022-12-01,game 3,ru,21,116.04,3,38.6800000000000000,0,,3,116.04,,46.17,,0.75,0.6057948316366484,4.666666666666667,197.2100000000000000
2022-12-01,game 3,ru,22,133.08,3,44.3600000000000000,0,,3,133.08,,139.77,104.46,1.5,0.7903082130767862,6.666666666666667,326.4800000000000000
2022-12-01,game 3,ru,23,73.92,3,24.6400000000000000,0,,3,73.92,26.73,,32.76,1.5,0.45469643845727997,9.666666666666666,361.1100000000000000
2022-12-01,game 3,ru,24,262.47,5,52.4940000000000000,0,,5,262.47,39.09,85.20,,0.8333333333333334,0.7964497041420119,6.2,295.7580000000000000
2022-12-01,game 3,ru,25,373.14,5,74.6280000000000000,1,78.00,5,373.14,105.96,85.14,69.96,1.25,1.7073438572409059,5.0,248.2020000000000000
2022-12-01,game 3,ru,26,16.47,1,16.4700000000000000,0,,1,16.47,,,16.47,0.5,0.2203934162986752,6.0,179.3400000000000000
2022-12-01,game 3,ru,27,12.72,1,12.7200000000000000,0,,1,12.72,,8.73,,1.0,0.5930069930069931,4.0,49.5000000000000000
2022-12-01,game 3,ru,29,62.97,2,31.4850000000000000,0,,2,62.97,33.00,,12.69,2.0,3.644097222222222,5.0,101.2800000000000000
2022-12-01,game 3,ru,37,41.94,1,41.9400000000000000,0,,1,41.94,14.76,,,0.5,0.7651888341543513,7.0,268.7100000000000000
2022-12-01,game 3,uk,14,347.22,7,49.6028571428571429,3,138.93,7,347.22,29.55,63.30,,1.75,1.4345562716906297,3.142857142857143,142.1100000000000000
2022-12-01,game 3,uk,15,154.65,4,38.6625000000000000,1,16.08,4,154.65,,44.55,121.05,4.0,2.4915418076365397,4.75,249.1575000000000000
2022-12-01,game 3,uk,16,565.74,12,47.1450000000000000,2,43.23,12,565.74,168.00,254.76,112.44,1.3333333333333333,0.9814207650273223,5.666666666666667,290.4700000000000000
2022-12-01,game 3,uk,17,323.37,5,64.6740000000000000,1,24.51,5,323.37,192.03,,,0.8333333333333334,1.9094774136403898,2.8,114.8760000000000000
2022-12-01,game 3,uk,18,419.34,9,46.5933333333333333,2,100.89,9,419.34,14.97,81.57,150.93,1.2857142857142858,1.359727626459144,4.555555555555555,196.5766666666666667
2022-12-01,game 3,uk,19,744.18,15,49.6120000000000000,2,84.90,15,744.18,145.05,158.64,118.83,1.25,1.1851321007118627,4.066666666666666,220.7420000000000000
2022-12-01,game 3,uk,20,524.07,15,34.9380000000000000,1,32.94,15,524.07,132.24,146.67,53.25,1.25,1.1586522517742257,5.8,239.2500000000000000
2022-12-01,game 3,uk,21,238.41,7,34.0585714285714286,1,24.69,7,238.41,65.43,50.16,26.73,0.875,0.8576516296136412,6.571428571428571,258.1414285714285714
2022-12-01,game 3,uk,22,517.80,9,57.5333333333333333,2,88.23,9,517.80,152.85,74.13,,1.2857142857142858,1.47584437793929,4.555555555555555,240.6800000000000000
2022-12-01,game 3,uk,23,298.92,9,33.2133333333333333,2,49.86,9,298.92,2.85,82.62,114.99,1.2857142857142858,1.1891633846521066,3.3333333333333335,114.4400000000000000
2022-12-01,game 3,uk,24,352.38,4,88.0950000000000000,0,,4,352.38,129.30,76.35,102.84,0.6666666666666666,1.3474819318572904,6.75,472.3725000000000000
2022-12-01,game 3,uk,25,696.15,15,46.4100000000000000,1,75.39,15,696.15,190.92,98.25,79.65,1.1538461538461537,1.3717781981555923,4.266666666666667,168.7500000000000000
2022-12-01,game 3,uk,26,85.98,5,17.1960000000000000,1,16.5,5,85.98,0.78,71.13,13.14,1.25,0.5603128054740959,4.2,83.1540000000000000
2022-12-01,game 3,uk,27,40.02,2,20.0100000000000000,1,22.8,2,40.02,,86.70,,1.0,0.3304433985632896,3.5,148.9200000000000000
2022-12-01,game 3,uk,28,101.13,3,33.7100000000000000,0,,3,101.13,49.56,10.05,,0.3333333333333333,0.48013103546503344,3.0,77.2100000000000000
2022-12-01,game 3,uk,29,50.1,2,25.0500000000000000,0,,2,50.1,7.44,45.48,,0.6666666666666666,0.4223571067273647,8.0,139.4700000000000000
2022-12-01,game 3,uk,30,140.19,5,28.0380000000000000,2,82.74,5,140.19,18.87,5.34,,0.7142857142857143,0.7429252782193959,4.0,75.3300000000000000
2022-12-01,game 3,uk,31,48.42,2,24.2100000000000000,1,17.28,2,48.42,,27.03,,0.6666666666666666,0.2749574105621806,1.5,53.2950000000000000
2022-12-01,game 3,uk,32,30.51,2,15.2550000000000000,0,,2,30.51,,10.53,13.62,0.5,0.2843164663125524,5.0,203.1000000000000000
2022-12-01,game 3,uk,34,30.24,2,15.1200000000000000,0,,2,30.24,2.16,38.73,,0.6666666666666666,0.34496919917864477,3.0,76.3650000000000000
2022-12-01,game 3,uk,38,46.38,1,46.3800000000000000,0,,1,46.38,,,46.38,1.0,3.1232323232323234,6.0,134.2200000000000000
2022-12-01,game 3,uk,40,25.83,1,25.8300000000000000,0,,1,25.83,,3.39,,1.0,0.8839835728952772,6.0,69.3000000000000000
2022-12-01,game 3,uk,44,22.14,1,22.1400000000000000,0,,1,22.14,,,22.14,1.0,0.6428571428571429,8.0,159.6300000000000000
